"0","pass0"
"1","pass1"
"2","pass2"
"3","pass3"
"4","pass4"
"5","pass5"
"6","pass6"
"7","pass7"
"8","pass8"
"9","pass9"
"10","pass10"
"11","pass11"
"12","pass12"
"13","pass13"
"14","pass14"
"15","pass15"
"16","pass16"
"17","pass17"
"18","pass18"
"19","pass19"
"20","pass20"
"21","pass21"
"22","pass22"
"23","pass23"
"24","pass24"
"25","pass25"
"26","pass26"
"27","pass27"
"28","pass28"
"29","pass29"
"30","pass30"
"31","pass31"
"32","pass32"
"33","pass33"
"34","pass34"
"35","pass35"
"36","pass36"
"37","pass37"
"38","pass38"
"39","pass39"
"40","pass40"
"41","pass41"
"42","pass42"
"43","pass43"
"44","pass44"
"45","pass45"
"46","pass46"
"47","pass47"
"48","pass48"
"49","pass49"
