"0","9342 Lori Bypass Suite 711
East Sandra, MP 11019","tamaramorrison@hotmail.com","pbkdf2:sha256:600000$jO2XvgrUTyBqVEti$0896f74c5dc5a72bce918582b630f79d0ad89aa350377171b1d69bdc61ce437d","Gary","Cross","8857","False"
"1","792 Tammy Centers Apt. 258
Davidmouth, TN 23414","gwilliams@hotmail.com","pbkdf2:sha256:600000$nfipbezEKTEfRvbH$0a72903be73838bd9355d51117af03fbe3ebdcad9e279f7c88fb95b591d20b5b","Tracy","Robbins","216","False"
"2","19344 Craig Walk
Burtontown, KY 59873","nstewart@gmail.com","pbkdf2:sha256:600000$SjcddaMsvH0gmozY$09cf1662b88f1cdb07590a04bd0764f1fc1430e243ac36e56ad2a95f4c19ca17","Michael","Griffin","1896","True"
"3","0452 Courtney Lane Apt. 113
North Paul, CT 52118","zrogers@yahoo.com","pbkdf2:sha256:600000$adj8O5gp1EFQSG4a$e184d83bb9222026e1cd7917fd2c0360770a14391a7d26dcdd46a4d587b1cfbc","Lauren","Ward","9117","False"
"4","013 Billy Bridge
Riveraburgh, AS 20007","taguilar@hotmail.com","pbkdf2:sha256:600000$XiYiotWHdnOzKKez$6df6e59be5e6400acc995965402f70cd0375b07b7b62927066636f087cd5b901","Jared","Frazier","7548","True"
"5","Unit 9426 Box 4183
DPO AE 51884","vmendez@hotmail.com","pbkdf2:sha256:600000$pzjqESLbTM1LI14c$6ae57d16c673f057d62f050f301c4a16ff84d1cc8fd16ed25527d69fca787740","Sharon","Love","7283","True"
"6","USNS Villarreal
FPO AE 60013","adkinskelly@hotmail.com","pbkdf2:sha256:600000$KcOIQHnm82c3bjZB$db72924e43d3e120e53f5be32867546e2b5a404786e593a7b922615c87534d16","Jason","Crawford","1841","False"
"7","7121 Rodriguez Rest Apt. 762
Reynoldsbury, NH 45116","bennettalan@hotmail.com","pbkdf2:sha256:600000$mdGnIIbkIy0CB29J$0afca411d59e80f2ac836bd5e7649cb9d04b5ce808d15cc4574dccd6eebd357c","David","White","8574","True"
"8","728 Gomez Mountains Suite 377
Trevorton, NV 39846","ashley22@gmail.com","pbkdf2:sha256:600000$8d1EQTn4Cf4P4r0h$1159ca74e1f4c8a0f6738e1d899f144c42fbe31f2019bfeb28501ea16b7b687c","Scott","Macdonald","2339","False"
"9","6708 Carpenter Overpass Suite 735
Bobbyton, GA 46350","jesseevans@gmail.com","pbkdf2:sha256:600000$OActSjXIWU26CVcK$adf55675cda8c1a53b0980da09ad42ad7202952d75e1f223c739b84471c480b2","Thomas","Wallace","63","True"
"10","USNS Burns
FPO AE 37069","meyersangelica@yahoo.com","pbkdf2:sha256:600000$7Ar4MJQIJMg6gJPQ$2ca36e988e9339b755e9735d2aa809e555f324d400d41aa29a13fc4bfe1b5953","James","Olson","5768","True"
"11","5992 Lester Coves
New Caitlinfort, NH 40962","shudson@gmail.com","pbkdf2:sha256:600000$Htsrfa6btNs3Wdt8$b0ca62b3be8f678799c374ea8e1530ce9a6acbfe52ba6c7380315379dafd1ebd","Ronnie","Allen","207","True"
"12","23028 Jennifer Meadow Apt. 972
West Matthewfurt, AK 82521","christystanley@hotmail.com","pbkdf2:sha256:600000$CX1YLviECRrlOI5P$3938b0fa89ee903b7f17befe2f29a5972c6d14d7e857f1ebb2beab222b073e07","Haley","Beck","595","False"
"13","29188 Fischer Grove
Justinchester, WI 94599","chadboyle@yahoo.com","pbkdf2:sha256:600000$711OE6NYaNfHhuL9$9f4f15d55ae76ba59fc69ae74f14b92bbf49b74c642d5228245dae8bef42a010","Tiffany","Cox","4594","True"
"14","609 Gomez Port Apt. 945
South Thomashaven, DC 05951","vasquezkathryn@gmail.com","pbkdf2:sha256:600000$cUa6ar7R2wv7t8gA$4a3e0691818f6ff14f6d67720405d7da23a5a048774f381af918e0d483256d33","Miguel","Shields","1335","False"
"15","251 Brown Knoll
Emilyshire, PR 59960","bradleybrewer@hotmail.com","pbkdf2:sha256:600000$iXm9E8VctEja3mPv$cf05444a804acb7e4312297229a294bc1e62cd34bd771c87f8443b8ed6a89d81","Kelly","Mckinney","6753","True"
"16","90622 Anthony Islands
North Brandonville, OK 80648","natalieford@hotmail.com","pbkdf2:sha256:600000$0ZSpbKpadQlG66Ch$77157ee88987e05769186a44b7c8d9b5f910016508360f28bb5ed6486289c5dd","Aaron","Morgan","2419","False"
"17","2954 Walters Highway
Johnsonchester, KY 49674","courtneymiranda@hotmail.com","pbkdf2:sha256:600000$5wlXaxlGWJokzOMN$696e9ce3dc715bb5fa730ebedb1c68b32ba1f50d30e1eb47e0c81ed3f8accced","Frank","Yates","3410","True"
"18","9473 Anna Views Apt. 820
New Robert, TN 27774","staffordlisa@yahoo.com","pbkdf2:sha256:600000$h8hJx1TqyMT1zTzx$b0e6ce253c7ff74d416fef5e20c69762977d52284121334656d51f56ebf11331","Robert","Vega","7179","False"
"19","635 Valencia Drive Apt. 437
Justinberg, MP 16158","albertkelly@hotmail.com","pbkdf2:sha256:600000$HGUccjbIgkj2DxhR$18fbb32f3884fe62ba25b547690238024910ae654cc6101ed97ae355e1a3e4c5","Charles","Shields","6573","True"
"20","66706 Patrick Track
New Stephanietown, OR 45991","meyerchristine@yahoo.com","pbkdf2:sha256:600000$vjy6sZlDq9B41kCr$99462b05576dface32d7e0b19fdda0f23f4b4a3e0af58a1a44e0a9e927c79e7b","Aimee","Nichols","6020","True"
"21","97939 Johnson Oval Suite 830
North Dennismouth, VI 88870","pam83@hotmail.com","pbkdf2:sha256:600000$qZVusFNBMqKqLdtA$dc57c572a1eedc78d4f5505c0225395d8dfac7357d97918b818e22645dcd7825","Heather","Tucker","9993","True"
"22","87656 Darryl Rest Apt. 201
Wrightview, KS 50871","jeremy94@gmail.com","pbkdf2:sha256:600000$2ACqe9HRO2bcR8fR$3063cb33f3984509f007b808195e248fcc6ba36ed6b7a397953b97e558158e45","Joshua","Miller","1891","True"
"23","Unit 8857 Box 1688
DPO AA 16584","carterdanny@hotmail.com","pbkdf2:sha256:600000$yfJFJPmAnCkCNwtZ$f9277ccfa0b0c8d2afe0ac31cc514572ee058b8d3323a65780c24ea722de7eeb","Nathan","Kline","1316","False"
"24","32342 Andrea Glen Apt. 236
East Katherine, DC 76708","dterry@gmail.com","pbkdf2:sha256:600000$QvH6af8Ij4PGfllB$d41bf9f4644557b2e82e35d2e770d652a2d000e06353400ce3a089c9e6499d7d","Michael","Henderson","2752","False"
"25","4647 Kristine Fields Suite 710
New Dakota, KS 00638","ryanbaker@gmail.com","pbkdf2:sha256:600000$QdlY04jldR58mdic$7e9b080c7da9d0a185034eebdb082b7eeb80a44ea1b073961ee856069f736f6c","John","Gross","3548","True"
"26","USS Silva
FPO AE 24883","rmiranda@hotmail.com","pbkdf2:sha256:600000$IUDiaFa6tNvZkJ5F$d9a8f9b953e03b808822a039c60f2069838f23ff7674d95f8d1283a0c4594d1e","Evelyn","Hendricks","7901","True"
"27","215 Joy Islands
West Beth, CA 11791","millskimberly@gmail.com","pbkdf2:sha256:600000$Qb9THiRhBmwyTCX8$6f3b3fa9462ddf13f09ba5a3496f97c03d6b82e7a2a70c368826c5a9e49c97a5","Steven","Sosa","6111","True"
"28","2547 Avila Manor
Port Deborahbury, SD 86285","amystone@gmail.com","pbkdf2:sha256:600000$hqHNhvNIvnjUKIQZ$0a8353dc8a0952a446a00ddf1bc248258dcfa79ac3d5f20fff9626a243e6c85d","Francis","Caldwell","7821","False"
"29","USCGC Brown
FPO AE 08197","haley65@hotmail.com","pbkdf2:sha256:600000$EcGqWoanjlnWyeFq$27c79d667b17082beccf32fc36012073878392e5ee8869b6c74760a0a3107625","Michael","Davis","5482","True"
"30","2278 Wesley Forges
South Leslie, FM 58512","latoya30@gmail.com","pbkdf2:sha256:600000$bxzW0VLwX18TQcwK$96cdf6530d0811478425b79759827d31d2196e7285908505fc0d1ad283bb5966","Caitlin","White","3791","False"
"31","647 Michael Trafficway Apt. 037
New Evelyn, GU 01420","sandygarcia@gmail.com","pbkdf2:sha256:600000$Kcm4psmqYadOFbyU$c3a8a51004aab412794ef49f7e75d0e85ff4f0ed93a4858e207f1e74bcfa43d4","Dalton","Fritz","2348","True"
"32","511 Sanchez Canyon
Port Jennifershire, CO 61535","cgiles@yahoo.com","pbkdf2:sha256:600000$ouNUv72jWOTumdxW$b2bdae52187705238d4db1e78e0fdd8bdc26fe8b5e5bf2f22d712fe8959d1e10","Angela","Soto","4260","False"
"33","967 Ethan Avenue Suite 164
South Nicole, KS 68053","pjohnson@yahoo.com","pbkdf2:sha256:600000$S8erBEHq6oRRkWjQ$9f9b9ad9efbc6cf0976c7325842de9fc13a78e6a63ad669a7b509c5d769b51ea","Joshua","Anderson","6621","True"
"34","031 Sean Expressway Suite 427
New Nicholasville, CT 41107","amy84@gmail.com","pbkdf2:sha256:600000$QgeWUbRvLlMjvbTD$8a03ec24bc9b340c65414a1b2cb2a648f7dc7d901cc0421d7362a03ebc5647f6","Megan","Smith","1357","False"
"35","347 Spencer Road Suite 472
Craigchester, PW 52259","caleb01@yahoo.com","pbkdf2:sha256:600000$Nl85G6vMh4AGmIuV$ac531b63ba9d4d5572b0573bd9cb07acd0e1adcd243af6b4a9c19a76d59fde73","Keith","Jones","9604","False"
"36","19131 Reynolds Crescent
Robbinsmouth, NY 95807","richardsandrew@hotmail.com","pbkdf2:sha256:600000$Hw3wliMZUB0dq0jH$79f9459b06234a97838cb18c360388c5c55c35eb661e0fe7c51de0f798271787","Jordan","Parker","2753","False"
"37","505 Phillip Throughway Suite 842
Brandonview, VA 10929","michaelross@gmail.com","pbkdf2:sha256:600000$zDdfLZeC6wEfcxwM$c3d1e1f1d34991c4142e830c81d68edec786ca198758df036fe57914b78372c4","Katherine","Webb","5487","False"
"38","2648 Flores Stream
Henryville, KS 79832","rebekahsmith@hotmail.com","pbkdf2:sha256:600000$ROu8mjjYeH0PLrwA$5371d03e67e7aa58fcdf33bf5d8027e5d808c3314d0be957b58d25e04e8641e1","Ricky","Barnes","5162","True"
"39","2750 Garcia Courts Apt. 449
Henrytown, TN 99387","taylorsteven@gmail.com","pbkdf2:sha256:600000$sshaFiU8X0f6CGnM$b174a08ac28c765b8ae0066a7c13b27e5981faac29484fbac5181bbf2d7e42c6","William","Burns","7783","False"
"40","46287 Gallagher Road
Lake Lindsey, KS 23727","crystalconley@hotmail.com","pbkdf2:sha256:600000$r0CIDh2xNAIXw8yj$b99c21e9189c7f0e0b5e43ef22d1dcb634ef0d41079f50a23ff41c2313b843a4","Philip","Smith","2651","False"
"41","25689 Kemp Fords
Cortezbury, OK 01464","morrislarry@gmail.com","pbkdf2:sha256:600000$Tn39Ifq3mhnmb45K$4d61288ce479932b5b9cbc146b8632aa77483e7a233f898bde5690e0ce39ec23","Joshua","Whitaker","7306","False"
"42","979 Davis Manor
Lake Rebeccaberg, HI 90658","vfreeman@hotmail.com","pbkdf2:sha256:600000$qbvkPOHeCymeYSFr$ea8ab29a840c6210933006a8c6e96ae13005c9ed1f01930317f72a88950a0089","Tara","Shaw","4353","True"
"43","PSC 2652, Box 8592
APO AE 12680","ghancock@yahoo.com","pbkdf2:sha256:600000$4aEO6xRBdGwbA4sw$77dd4e9f261e56dd038ccfbb24ae7a41425c7a7d5dae67f9d59d4624bfc51c3d","Allen","Trevino","3969","True"
"44","73849 Edward Vista
New Matthewport, MH 72138","amandasnyder@gmail.com","pbkdf2:sha256:600000$Jr53ikAudKoXKnCm$cdb6b245144ae5026dd1b61e62af063ba1d18d6fde39441fbcd19d1c30c479e6","Billy","Hudson","3705","False"
"45","4229 Hill Light Apt. 972
Floydchester, WV 51245","ashleylewis@gmail.com","pbkdf2:sha256:600000$nhslXn40DKEeRJQG$d5f1c9774ad8c93fa7c14292f5160e01ddb3c505dbd180b66af9296e6bf2b700","Marilyn","Rodriguez","2109","False"
"46","Unit 8522 Box 1442
DPO AA 39097","williamdoyle@gmail.com","pbkdf2:sha256:600000$w2VIhyWAsvxtj3Sp$ed4b72e1dbb2c253d268b8565805c0a51470a514a21809beba886567e684032f","Miss","MD","4048","False"
"47","974 Keith Course Apt. 064
Jeffreyshire, MH 45102","curtismcgee@hotmail.com","pbkdf2:sha256:600000$qsKOugWRI2amj949$561481969072b8b686a7bb9745fa1de65ceac75db0697a1bbdb795ee567cbf0a","Ashley","Wilson","4265","False"
"48","74632 Smith Way
East Ashleyton, CO 48972","elizabethstewart@hotmail.com","pbkdf2:sha256:600000$spKnzNiY0mqTR6bG$9136a35254169cecbbdcd6566ee52b4472dcd29052a1a04816de19ee0a70fa97","Charles","Conley","889","False"
"49","69774 Smith Walks Suite 151
South Stephen, GU 46202","porterjoel@hotmail.com","pbkdf2:sha256:600000$xeB4MsSVEJFiGIeH$d9a5607089ef48fd7d9c3808f3eef791733d7a83a006e7244bedfc0536d402f9","Thomas","Velasquez","4560","False"
